Datetime,Water Level (m)
2025-03-20 18:00:00,-0.82249904
2025-03-20 19:00:00,-0.45842317
2025-03-20 20:00:00,-0.019871002
2025-03-20 21:00:00,0.1497556
2025-03-20 22:00:00,0.15317798
2025-03-20 23:00:00,0.13234405
2025-03-21 00:00:00,0.041184586
2025-03-21 01:00:00,-0.20515059
2025-03-21 02:00:00,-0.5192715
2025-03-21 03:00:00,-0.7754415
2025-03-21 04:00:00,-1.0041126
2025-03-21 05:00:00,-1.1705956
2025-03-21 06:00:00,-1.1853572
2025-03-21 07:00:00,-0.7363116
2025-03-21 08:00:00,-0.11747281
2025-03-21 09:00:00,0.20918712
2025-03-21 10:00:00,0.3092959
2025-03-21 11:00:00,0.40006873
2025-03-21 12:00:00,0.39497527
2025-03-21 13:00:00,0.24319237
2025-03-21 14:00:00,-0.07836397
2025-03-21 15:00:00,-0.3318363
2025-03-21 16:00:00,-0.5462223
2025-03-21 17:00:00,-0.75002867
2025-03-21 18:00:00,-0.92438835
2025-03-21 19:00:00,-0.9910215
2025-03-21 20:00:00,-0.8070306
2025-03-21 21:00:00,-0.3644426
2025-03-21 22:00:00,-0.02875735
2025-03-21 23:00:00,0.023469264
2025-03-22 00:00:00,-0.066033766
2025-03-22 01:00:00,-0.24010138
2025-03-22 02:00:00,-0.44421425
2025-03-22 03:00:00,-0.6909169
2025-03-22 04:00:00,-0.88891304
2025-03-22 05:00:00,-1.020406
2025-03-22 06:00:00,-1.0963352
2025-03-22 07:00:00,-1.0486299
2025-03-22 08:00:00,-0.7530568
2025-03-22 09:00:00,-0.32528594
2025-03-22 10:00:00,-0.05836872
2025-03-22 11:00:00,0.06182709
2025-03-22 12:00:00,0.16771857
2025-03-22 13:00:00,0.25876576
2025-03-22 14:00:00,0.2358763
2025-03-22 15:00:00,0.031406794
2025-03-22 16:00:00,-0.20671573
2025-03-22 17:00:00,-0.38906556
2025-03-22 18:00:00,-0.5829982
2025-03-22 19:00:00,-0.7333579
2025-03-22 20:00:00,-0.81052685
2025-03-22 21:00:00,-0.77261907
2025-03-22 22:00:00,-0.57882935
2025-03-22 23:00:00,-0.36444896
2025-03-23 00:00:00,-0.28018788
2025-03-23 01:00:00,-0.286839
2025-03-23 02:00:00,-0.32336813
2025-03-23 03:00:00,-0.38452893
2025-03-23 04:00:00,-0.5010714
2025-03-23 05:00:00,-0.62418973
2025-03-23 06:00:00,-0.7293939
2025-03-23 07:00:00,-0.8076712
2025-03-23 08:00:00,-0.8274103
2025-03-23 09:00:00,-0.70142716
2025-03-23 10:00:00,-0.37982294
2025-03-23 11:00:00,-0.06328184
2025-03-23 12:00:00,0.051289625
2025-03-23 13:00:00,0.03326556
2025-03-23 14:00:00,0.07002775
2025-03-23 15:00:00,0.11858406
2025-03-23 16:00:00,0.071650445
2025-03-23 17:00:00,0.0047874586
2025-03-23 18:00:00,-0.17118035
2025-03-23 19:00:00,-0.46155608
2025-03-23 20:00:00,-0.7281075
2025-03-23 21:00:00,-0.91631955
2025-03-23 22:00:00,-1.0172764
2025-03-23 23:00:00,-0.9796537
2025-03-24 00:00:00,-0.672277
2025-03-24 01:00:00,-0.28185463
2025-03-24 02:00:00,-0.08367752
2025-03-24 03:00:00,-0.07093677
2025-03-24 04:00:00,-0.15056418
2025-03-24 05:00:00,-0.27333945
2025-03-24 06:00:00,-0.41927594
2025-03-24 07:00:00,-0.5638286
2025-03-24 08:00:00,-0.6917958
2025-03-24 09:00:00,-0.8075251
2025-03-24 10:00:00,-0.8438694
2025-03-24 11:00:00,-0.67963177
2025-03-24 12:00:00,-0.291151
2025-03-24 13:00:00,0.043826044
2025-03-24 14:00:00,0.22413287
2025-03-24 15:00:00,0.35833603
2025-03-24 16:00:00,0.4497471
2025-03-24 17:00:00,0.42800024
2025-03-24 18:00:00,0.21530388
2025-03-24 19:00:00,-0.09653851
2025-03-24 20:00:00,-0.37009302
2025-03-24 21:00:00,-0.64277923
2025-03-24 22:00:00,-0.886075
2025-03-24 23:00:00,-1.0612909
2025-03-25 00:00:00,-1.0803903
2025-03-25 01:00:00,-0.7049348
2025-03-25 02:00:00,-0.16635163
2025-03-25 03:00:00,0.10034058
2025-03-25 04:00:00,0.12882957
2025-03-25 05:00:00,0.119628415
2025-03-25 06:00:00,0.04881665
2025-03-25 07:00:00,-0.16046809
2025-03-25 08:00:00,-0.4256778
2025-03-25 09:00:00,-0.65091115
2025-03-25 10:00:00,-0.8449379
2025-03-25 11:00:00,-0.99046636
2025-03-25 12:00:00,-0.8948558
2025-03-25 13:00:00,-0.29883534
2025-03-25 14:00:00,0.25392476
2025-03-25 15:00:00,0.44694072
2025-03-25 16:00:00,0.5909535
2025-03-25 17:00:00,0.6883725
2025-03-25 18:00:00,0.66335744
2025-03-25 19:00:00,0.39317188
2025-03-25 20:00:00,0.004603068
2025-03-25 21:00:00,-0.33605188
2025-03-25 22:00:00,-0.6712623
2025-03-25 23:00:00,-0.9655908
2025-03-26 00:00:00,-1.1730112
2025-03-26 01:00:00,-1.1599715
2025-03-26 02:00:00,-0.4740274
2025-03-26 03:00:00,0.21702914
2025-03-26 04:00:00,0.44744024
2025-03-26 05:00:00,0.52386194
2025-03-26 06:00:00,0.50794345
2025-03-26 07:00:00,0.33549917
2025-03-26 08:00:00,-0.034383025
2025-03-26 09:00:00,-0.41040444
2025-03-26 10:00:00,-0.6909542
2025-03-26 11:00:00,-0.94640523
2025-03-26 12:00:00,-1.1381695
2025-03-26 13:00:00,-1.0395126
2025-03-26 14:00:00,-0.20129271
2025-03-26 15:00:00,0.47142038
2025-03-26 16:00:00,0.69904053
2025-03-26 17:00:00,0.88571006
2025-03-26 18:00:00,0.96757984
